Group,Functions
Non-Meaningful,"2e7263ea, a1fe0e8d, 1913f161, 186dea44, 721a92f9, 0eca322b, 1e6473f9, e6170424, d09db04a, 40e95de6, bd76ecfd, fa0c2149, 8a5dadd1, 03ddf252, e7a4db81, 2bbd3aa8, bf697a26, 6c648fca, 4c60db9c, bc2b405c, 98414eed, cf329d16, aac673c3, e9252d46, a5397b22, 40370edf, e61c18d0, 6ffe492e, 41b91c26, 70703e4a, 486c9662, fd5a466f, 6811e3b9, 3e31ab8e, 781aa653, bf699b4b, 5f90d725, 78d5b517, 342bc29e, 2140ab88, db05ef8b, 22ca645a, bb99f7ce, b4d9b601, dafa54c6, 2c19d593, 0e0824a3, fca27b35, b3608630, 44fd3db0, 445cc62b, f6ebebbb, 3dac9377, 0a8fe064, 2303480f, 07093814, 307a4a0d, d9da0a70, 5ffe72b7, c3637897, 78c1a778, 847d282d, 1ef29a02, 006de4df, 6465706f, 5ed8a991, 01a1121f, 86e809fc, e6a24c3f, aeb5957d, 73ceb48d, 41d11324, 539e90f8, 47c7357b, b425b13c, c730c160, 4af74b68, ca7dab2c, 4baac078, 369baafe, b7da6a49, 24394467, b750dc46, 2e6a5609, 6eeb9e0f, 6e41592c, 7cd0599b, 5632b2e4, e9ccf3a3, ccc4fbc7, 4729ed3c, 090f88ca, d4d30063, df9a33b7, 4a75084c, ae000659, 72c4cff6, 7b4323de, b8af22db, 38756e3c, 6c99d7c8, 45589883, 46ded4d1, ba381f8f, f127baa1, 947caa4e, 00000000, ee999638, cae618f5, 8ba14562, 9ca89d1c, 1f6b08a4, d9574d4c, 7c6531e1, e31ec2a3, 8434b2dd, 7ca06d68, 4e290832, 33688938, 12cc89d9, c131f417, faf5c6ed, 6cb4024b, 9f08e497, 001a5597, 04b473bd, 5ebde635, 5fc985ea, f837df25, b18f2e91, f41d7a18, 919722bb, 3b30f9c4, 9d241e7a, 5fa297e5, c53db2f8, 7a6847d1, 5d9635d2, 9239127f, b2bd16ab, 92a6d507, 925d400c, b5863c10, f10a60ab, 004b2cc0, 4abe11b4, e7d25975, 90fb9dca, d547557b, 95629036, 3e16468d, ac826482, 3ec463bf, 207b432a, 11834d4c, 0080247a"
Unique call,"pangolinCall, functionCallWithValue, BSCswapCall, delegateCallReserves, waultSwapCall, polydexCall, ZyberCall, BiswapCall, delegateCallSwap, extMulticall, callBytes, routerCallNative, mostRecentCaller, multicallWithoutCheck, liquidationCall"
Unique price,"setTokenPrice, price_w, cacheAssetPrice, getAssetPrice, getUnderlyingPrice, getUSDPrice, getPriceOracleResponse, _setPriceOracle, changeNodePrice, assetPrices, postPrice"
Unique swap,"swapExactJarForJar, swapAVAXForExactTokens, swapBNBForExactTokens, swapExactTokensForBNB, postSwap, swapExactTokensForTokensSimple, Swapin, batchSwap, setSwapPairs, swapTokens, sellSwappedTokens, uniswapV2Router, uniswapV2Pair, tokenToEthSwapInput, ethToTokenSwapInput, swapToAddress, swapAndCrossOneInch, balancerSwap, _swap, swapExactPtForSy, swapFromVUsd, swapETH, swapStETH, swapToVUsd, simpleSwap, sellToUniswap, isSwap, swapOnWithdrawal, swapThroughOrionPool, doSwapThroughOrionPool, swapExactInputSingle, swapETHForBankX, swapXSDForETH, closeSwapIntent, createSwapIntent, swapETHForExactTokens, swapExactTokenInput, swapManual, swapTokensForTokens, swapExactAmountOut, swapExactTokensForNATIVE, swapQuoteTokenForBaseToken, swapNATIVEForExactTokens, swapAndDeposit, swapTokensForOther, swapTo, exactInputV3Swap, swapTokenForExactToken, swapExactTokenForToken, selfSwap, emitSwap, joinswapExternAmountIn, swapUnderlying"
Unique balance,"balanceOfUnderlying, rebalance, balance, batchBalanceAction, lockedBalanceOf, updateUserBalance, manageUserBalance, notifyBalanceUpdate, updateMinimumBalance, setMinimumBalance"
Unique get,"deleverageToMin, getUserStaking, getEntireSystemBalances, decayBaseRateAndGetBorrowingFee, getVoteTallyByAddress, getVoteCount, getAccruedRewards, getSlippageAccountedAmount, getAggregatorData, getDay, getOrderBorrowBalanceCurrent, _getMintPaused, swapAndStartBridgeTokensViaCBridge, getSqrtRatioAtTick, getTickAtSqrtRatio, getMetadata, targetedPurchase, getStaticIncome, getReserves, get_reward, getBorrowRate, getSupplyRate, getCash, getAccountLiquidity, getAmountOut, getBalance, _getPoolBalance, getAllValue, getInvestedValue, getCurrentCompoundingLevel, getAndUpdateLockedAmount, getRandoms, Loan_Get, getInviter"
Unique claim,"withdrawAndClaim, claimAllReward, claimMultiple, claim_rewards, claimTeamReward, stakeAndClaimReward, claimDpcAirdrop, claimStakeLp, multiclaim, claimToken1, claimNodeReward, claimCvgCvxMultiple, claimMultipleStaking, Claim, rewardClaimed, claimSelfApeCoin, claimComp"
Unique liquid,"calculateRemoveLiquidity, removeLiquidityImbalance, addLiquidityBNB, liquidateVault, beforeLiquidateBorrow, afterLiquidateBorrow, liquidateBorrowVerify, depositByAddLiquidity, withdrawAndRemoveLiquidity, checkLiquidation, computeLiquidity, deferLiquidityCheck, onDeferredLiquidityCheck, liquidationERC721, withdrawOnLiquidation, hvUpdateLiquidityLimit, updateLiquidityLimit"
Unique exec,"executeRoute, verifyHeaderAndExecuteTx, execTransactionFromModule, executeProposalWithIndex"
Unique withdraw,"withdrawFromOtherAsset, processWithdrawal, withdrawMoney, Withdraw, withdrawPLX, shouldHarvestOnWithdraw, withdrawReturnAmountByReferral, withdrawReturnAmountByConsumer, withdrawReturnAmountByMerchant, withdrawChange, takerWithdraw, withdrawMarket, migrateWithdraw, beforeWithdraw, withdrawSelfApeCoin, withdrawTeam, withdrawERC721, withdrawToManager, withdrawLp, withdrawExactShares, forceWithdraw, instantWithdraw, withdrawFrom, withdrawBAYC, withdrawApeCoin, finalizeERC20Withdrawal, withdrawSPORE, withdrawERC20For"
Unique reward,"applyPendingRewards, transReward, stakePendingRewards, pendingReward, updateReward, airDropReward, redeemRewards, createRewarder, rewardIndexesCurrent, queueNewRewards, batchHarvestMarketRewards, changeRewardPerNode, sendReward, reward, addRewardFromPlatform, includeInReward, excludeFromReward, setReward, WithdrawReward, rewardHolders, generateReward, withdrawRewards, preStartTimeRewards, sellRewardToken, rewardTrader"
Unique delegate,setDelegateApproval
Unique mint,"mintWithGasCompensation, mintToPayable, tx1_mintMassiveAmountOfBEUR, mintPositionForUser, beforeMint, totalMint, afterMint, mintMSD, mintHATE, mintPY, mintByYT, mintWithEther, mintForV2, mintStaking, mintCheck, MINTER_ROLE, mintETN, mintDivested, mintQWA, mintPosition, minter_mint, mintLp, mintFor, flipPauseMinting, WhiteListMint"
Unique burn,"burnWithGasCompensation, emergencyBurn, burnAlp, _burn, burnToEther, burnRate, BURNER_ROLE, burnDivested, hourBurn, convertAndBurn, fundManagerBurnFrom"
Unique sell,"sellToLiquidityProvider, executeSellTokenForToken, sellTokenForToken, Sell, sellVillage, sellSDO, sellItem, sellUSDP, sellWithContribution, sellShares, sellBaseToken, sellTokensToUsdc, sellKr, cancelPreviousSellOrders, fillSellOrder, sellToken, placeSellOrder, sellZABU"
Unique redeem,"instantRedeemLocal, afterRedeem, unstakeAndRedeemPlp, maxRedeem, redeemInYusd, nTokenRedeemViaBatch, redeemAtomic, Redeem"
Unique test,"testTransaction, testAttackTx1, test_attack, testexploit, testTransfer, testBurn, testExploit1, testApprove, updateStateOnRepay, testSkim, testPoC_A, migrateStake, delegateStake, testUnstake, delegateStakeFor, testDOSAttack, getExchangeRateStateful, test_Timelock, generateSteam, updateStrategy, testPoCReplicate, testsafeTransfer, testExploit_MARS, test_poc"
Unique buy,"BuyToken, buyDei, buyADC, buyLeverage, buyWithEthDynamic, buyJay, buyUSDP, buyTokensAndDepositOnBehalf, buyByBnb, buyMiner, buyBond, buyFor, Buy_SBT, buyItem"
Unique token,"listToken, sweepTokenForMarketing, enterMarketFromiToken, generateTokens, destroyTokens, tokenAirdrop, unlockToken, WithdrawToken, approveToken, transferTokens, beforeReceiptTokenTransfer, removeLiquiditySingleToken, afterReceiptTokenTransfer, addLiquiditySingleTokenKeepYt, Lock_Token, batchTransferLockToken, transferLockToken, zapInToken, token0, withdrawTokensWithAlt, depositTokens, ensureLocalToken, simpleToken, tokenA, addToken, transferTokenId, _QUOTE_TOKEN_, resourceIDToTokenContractAddress, sweepToken, setToken, batchTokenTransfer, unFreezeToken, autoBurnLiquidityPairTokens, safeTransferERC20Token, pureUsdtToToken, batchToken, reindexTokens, tokenAllowAll, withdrawToken, depositToken"
Unique add,"addBNB, addMultiple, addMinter, addAsset, addBorrow, addGems, safeAdd, addresses, add, setServiceProviderFactoryAddress, ecAdd, addTotalCash, addLiq, addVaultAddress, addProposal, handleBadDebt, mintAddressLock"
Unique set,"setProxySync, closeTrove, setEnableNextEpoch, setReferrer, hasAsset, setAuctionInProgress, set_rate, setup, setIndex, _setReserveFactor, setWhitelist, setRouter, setAuthorization, setMerkleRoot, setBNB, setIRouter, setRegistry, reset, setIsRebalancing, setCollectRate, settleExpiredPositions, setVictim, setOracleData"
Unique approve,"approveTrove, approveDelegation"
Unique stake,"depositStake, Stake, stakeLp, stakeForAccount, unstakeForAccount, stakeToken, unStake, stakeLP, stakeNft, unstakeNft, stakeIndex, requestReleaseStake, lockStake, depositAndBorrowApeAndStake"
Unique fee,"takeFees, swapExactTokensForTokensWithFeeAmount, swapExactETHForTokensWithFeeAmount, fee, recordFee, chargeFees, transferToFeeCollectionAddress, registerFee, _transferFeesSupportingTaxTokens, swapFee, collectFeeFromProtocol, setBuyFee, setLiquidityFeePercent, setSellFee, setTaxFeePercent, feed, convertFees, handleFees, processFee, withdraw_admin_fees, transferFromFee, handleDeductFee, reflowDistributeFee, distributeFee"
Unique collateral,"emitTroveCollateralUpdate, increaseCollateral, updateTotalCollateral, addERC20CollateralOption, enableAsCollateral, _setCollateralFactor, morphoSupplyCollateral, supplyCollateral, depositCollateralFrom"
Unique checkpoint,"user_checkpoint, checkpointInterest, checkpoint, checkpointGauge, hvCheckpoint"
Unique account,"openAccount, addAccount, openTrustedMarginAccount, addLiquidityForAccount, removeLiquidityForAccount, accountBalance, withdrawAccountBalance"
Unique remove,"removeUnderlying, removeAsset, removeBoostMultiplier"
Unique pool,"receiveUpPool, pool_mint, CreateMassPools, newPool, deployPool, handleDepeggedCurvePool, registerPool, registerPenpiePool, setPoolInfo, burnpoolXSD, siphonFundsFromPool, reindexPool"
Unique implement,"implementation, setImplementation"
Unique callback,"algebraFlashCallback, flashCallback, mintDepositCallback, pancakeV3MintCallback, algebraMintCallback, predyTradeAfterCallback, LBFlashLoanCallback"
Unique borrow,"totalBorrowsCurrent, afterBorrow, borrowBalanceStored, updateBorrowIndexesHistory, distributeBorrowerMnt, pledgeAndBorrow, updateBorrow, borrowWithinLimits, notifyBorrower, notifyBorrowIndex, updateCompBorrowIndex, distributeBorrowerComp, do_some_borrow, borrowRate, morphoBorrow, donateAndBorrow, borrowAtMaturity, handleBorrow, checkBorrow"
Unique deposit,"depositFromOtherContract, processDeposit, transferDeposit, emitDeposit, deposit_range, depositPLX, depositOnBehalf, depositMarket, depositAsset, depositToGasZipERC20, _deposit, depositAssetTo, depositNbl, initiateDeposit, submitAndDeposit, depositBeans, depositSelfApeCoin, depositBAYC, handleDeposit, depositSPORE, depositLinkAndBorrowWETH, handleMultipleDeposits"
Unique transfer,"flywheelPreTransferAction, transferToReserve, transferBBOX, beforeTransfer, beforeTransferHandler, afterTransferHandler, safeAutoTransferFrom, unsafeTransfer, transferTELFromCloneableProxy, transfer_all, transferNotify, transferIn, erc20TransferFrom, delegateTransfer, batchTransfer, transferUSDT, onAfterTransfer"
Unique pair,"destory_pair_amount, burnPairs, addPlayerPair, setPair, registerPair"
Unique repay,"beforeRepayBorrow, afterRepayBorrow, repayForAll, repayBorrowBehalf, swapAndRepay, liquidateWithSingleRepay, repayAtMaturity"
Unique interest,"updateInterest, payInterestForOracle, _setInterestRateModel, settleInterest"
Unique exchange,"exchangeRate, updateExchangeRates, doExchange"
Unique nft,"withdrawNFT, depositNft, withdrawNft, createFNFT, unlockFNFT, depositAdditionalToFNFT, pointFNFTToLock, withdrawFNFT"
Unique back,"loanFallback, transferBack, doBuyback"
Unique init,initWallet
Unique send,"sendto, multiSend, sendMiner, sendETHTo"
Unique operat,"isOperationDone, isOperationPending, hashOperation, performOperations"
Unique earn,claimEarned
Unique flash,"onBatchFlashLoan, batchFlashLoan, flashloanReq"
Unique Cluster 0,"riskEngine, harvestMarket, purchasePlp, createNewMarket, createMarket, _supportMarket, recoverLevOwnership, Invest, oracle, saleU, supplyERC721"
Unique Cluster 1,"allocate, calDeductionADC, calcStepIncome, safeDiv, safeMul, safeSub, protect, counter, decrease, pyIndexCurrent, ecMulG, ecMul, collat_XSD, remaining, dequeue, expect1, Do, cc, redemption_lp, go, Subscribe, subscribe, joker, thisAToB, donate, mu_bond, mu_gold_bond, credit, checkOracle, zapToBMI, randomTrade"
Unique Cluster 2,"updateTotalDebt, update_period, systemCalculations, editCounterPart, increaseCumulative, upgradeTo"
Unique Cluster 3,"ShortStart, openTrove, emitTroveDebtUpdate, reserveMultiSync, joinPledge, nextEpoch, lendTo, bindInvitor, placeOrder, lendRUSDY, seizeVerify, makePledge, donateToReserves, violator, evalCurve, onCurveBeta, onCurve, justDoIt, bindRelationshipExternal, cancelCampaign, lend, calcOutGivenIn, grantRole, contractWhitelist, tradeWithHint, goDead, rollToNextRound, queryJoin, offerBid, makeBid, reportSale, leverage, crossDeleverage"
Unique Cluster 4,"run2, exploitZS, startAuction, startwith, listItem, beforeLend, LCOpenTimeout, processRoute, trigger, exit2, exit1, exploit2, _Start, batch"
Unique Cluster 5,"abuse, closeOrder, plugin, issue, route, controller, modn, killMe, kill, edit, shoot, user_referrer, hack, Attack, askQuestion, questionIds, family, vote, take, father, difference"
Unique Cluster 6,"createTrove, createOrder, create, createVault, createYieldContract, createAgreement, createNode, createLockedCampaign, createAaveDebt, createContract, futureEpochTimeWrite, createLock"
Unique Cluster 7,"createProxy, createChannel, mostRecentBlock, Stack, accrualBlockTimestamp, distributionStartBlock, distributionEndBlock, emitSync"
Unique Cluster 8,"rekt, recover, dumpETH, playGame, reentrancyCheck, doIt, ack, recycle, yoink, pull, hope, commitEth"
Unique Cluster 9,"updatePoint, upgradeVillage, updateDistributionState, updateSupplyIndexesHistory, updateFor, managePosition, updateCompSupplyIndex, increaseProductivity, preProductivityChanged, postProductivityChanged, updatePosition, updatePositionBoostMultiplier, newProduct, Upgrade, upgradeSafe, updateExpiredOrders, updateAllocation, refresh"
Unique Cluster 10,"performAction, submitValue, doActionWithLeverage, vaultManagementAction, submitTransaction, confirmTransaction, evaluateProposalOutcome, submitVote, submitProposal, processRefunds, putCurEpochConPubKeyBytes, submitAnswer"
Unique Cluster 11,"drip, insert, insertTrove, exercise, zapIn, wrap, joinGame, invoke, envelope, pendle, sweep, bid, schedule, cook, exactOutput, cross, shift, clear, lift, plot, act, fill, enterStaking, within1"
Unique Cluster 12,"activate, afterSeize, beforeSeize, notifySupplyIndex, enableExploit, disableExploit, unlockSlot, markFromChainTxExist, enterWithUnderlying, queryExit"
Unique Cluster 13,"outputNumeraire, quoteExactInput, quoteExactOutputSingle"
Unique Cluster 14,"record, intakeNumeraireLPRatio, register, rate_write, create_loan, func_43kDPns, f_0xf986351d, f_0x4e515153, pledge, pledge_lp, pledgein, propose"
Unique Cluster 15,"distributeSupplierMnt, distributeAirdrop, notifySupplier, distributeSupplierComp, decreaseProductivity, distributeDividends, deploy, distributeRgt, distributeCAKEDividends, importRelation"
Common test,"testExploit, test, testExp, testAttack, testExpolit, testHack, testPoC, testExample, updateStateOnRedeem, test_exploit"
Common transfer,"transfer, transferFrom, transferUnderlyingTo, safeTransferFrom, finalizeTransfer, transferVerify, transferOwnership, safeCakeTransfer, transferToUser, _transfer"
Common approve,approve
Common swap,"swap, swapExactTokensForTokens, swapTokensForExactTokens, swapExactETHForTokens, swapExactTokensForETH, swapExactAmountIn, onSwap, autoSwapAndAddToMarketing, anySwapOutUnderlyingWithPermit, unoswapTo, swapAndLiquifyStepv1"
Common mint,"mint, mintVerify, mintToTreasury, mintExpansion, mintUBI, mint_relative"
Common withdraw,"withdraw, withdrawAll, withdrawTo, emergencyWithdraw, withdrawAndUnwrap, withdrawExactAmount"
Common deposit,"deposit, beforeDeposit, depositFor, depositVault, depositAll, depositApeCoin, depositExactAmount, depositAndBorrow"
Common flash,"flashLoan, flash, receiveFlashLoan, flashLoanSimple, onFlashLoan, flashloan, transferFlashloanAsset"
Common fee,"swapExactTokensForTokensSupportingFeeOnTransferTokens, swapExactTokensForETHSupportingFeeOnTransferTokens, swapExactETHForTokensSupportingFeeOnTransferTokens, removeLiquidityETHSupportingFeeOnTransferTokens, transferFee, updateUserWithdrawFee, processStakingFees"
Common back,fallback
Common burn,"burn, burnFrom, burnToHolder"
Common receive,"receive, onERC721Received, onERC1155Received"
Common call,"DPPFlashLoanCall, pancakeCall, uniswapV2Call, multicall, DVMFlashLoanCall, joeCall, callFunction, payNativeGasForContractCall, callContract, transferAndCall, upgradeToAndCall, DSPFlashLoanCall"
Common liquid,"addLiquidity, removeLiquidity, addLiquidityETH, add_liquidity, remove_liquidity_one_coin, liquidateBorrow, liquidate, liquidateBorrowAllowed, remove_liquidity, remove_liquidity_imbalance, removeLiquidityETH, decreaseLiquidity, requireLiquidity"
Common borrow,"borrow, borrowAllowed, borrowVerify, borrowBalanceCurrent, beforeBorrow, flywheelPreBorrowerAction, borrowExactAmount"
Common exec,"executeOperation, execute, exec, executeAction"
Common callback,"uniswapV3SwapCallback, pancakeV3FlashCallback, uniswapV3FlashCallback, pancakeV3SwapCallback, uniswapV3MintCallback, algebraSwapCallback, verifyCallback, callback"
Common redeem,"redeem, redeemAllowed, redeemVerify, redeemUnderlying, beforeRedeem"
Common repay,"handleRepayment, repayBorrowAllowed, repay, repayBorrow, repayBorrowVerify"
Common allow,"mintAllowed, transferAllowed, seizeAllowed, setAllowance, allowance, updateAllowance"
Common init,"initialize, init"
Common exchange,"exchange, exchange_underlying, exchangeRateCurrent, updateExchangeRate"
Common stake,"stake, unstake, stakeFor, stakeTo"
Common hand,"handleAction, handleActionBefore, handleActionAfter, handle"
Common accrue,"accrueInterest, withdrawAccruedInterest"
Common set,"setUp, setApprovalForAll, setShare, setMasterContractApproval, setAdmin"
Common sell,"sell, sellGem"
Common pair,createPair
Common claim,"claim, claimRewards, claimTokens, claimReward"
Common get,"getReward, getApp, getPool, get, getPair, getCompoundInterestRateAndUpdate, bridgeToWithAxelar"
Common balance,"balanceOf, setBalance, setBalanceOf, totalSupplyAndBalanceCurrent"
Common buy,"buy, buyTokens, buyToken"
Common token,"transferUnderlyingToken, onTokenTransfer, tokensReceived, tokensToSend, transferToken, removeLiquidityOneToken, burnToken, lockTokens, _BASE_TOKEN_, reflectionFromToken, tokenFromReflection, withdrawTokens"
Common add,"addCash, addLiability, autoAddLp, addHolder"
Common remove,"removeCash, remove, removeLiability"
Common pool,"exitPool, onExitPool, joinPool, onJoinPool, createPool, createAndInitializePoolIfNecessary, borrowOrTradeFromPool"
Common move,move
Common earn,"earn, convertDustToEarned"
Common checkpoint,checkpoint_gauge
Common implement,setInterfaceImplementer
Common reward,"receiveRewards, accumulateReward, stashRewards, notifyRewardAmount, redeemMarketReward, distributeRewards, processReward, addReward"
Common send,"setMessageSender, send"
Common price,"getPrice, fetchPrice, updatePrice"
Common reentrant,"_afterNonReentrant, _beforeNonReentrant"
Common collateral,"setUserUseReserveAsCollateral, addCollateral, registerCollateral, withdrawCollateral"
Common operat,operate
Common delegate,delegate
Common interest,"computeInterestRate, collectUBIInterest, mintInterest, collectInterest"
Common patch,dispatch
Common Cluster 0,"sync, lock, bond, hook, unlock"
Common Cluster 1,"process, deliver, harvest, write, suck, migrate, permit, work, run, submit, leave"
Common Cluster 2,"identity, attack, rebase, a, verify"
Common Cluster 3,"heal, start, trade"
Common Cluster 4,"exactInputSingle, exactInput, exactOutputSingle, quoteExactInputSingle"
Common Cluster 5,"update, enter, _emit, join, _prepare, convert, invest, invite, frob, flux, check"
Common Cluster 6,"enterMarkets, exit, exitMarket, preventBotPurchase"
Common Cluster 7,"future_epoch_time_write, requireToPassMessage, curveSecurityCheck, validation, is_trusted"
Common Cluster 8,"exploit, seize, collect, flywheelPreSupplierAction"
Common Cluster 9,"bind, bindParent"
Common Cluster 10,"supply, distribute, distributeETHDividends, onDistribution"
Common Cluster 11,"skim, unwrap, crossLmTick, leaveStaking, debond, slip, gulp"
